Date,Muhurtham
19-01-2025,Muhurtham
20-01-2025,Muhurtham
31-01-2025,Subha Muhurtham
02-02-2025,Subha Muhurtham
03-02-2025,Subha Muhurtham
10-02-2025,Subha Muhurtham
16-02-2025,Muhurtham
17-02-2025,Muhurtham
23-02-2025,Muhurtham
26-02-2025,Muhurtham
02-03-2025,Subha Muhurtham
03-03-2025,Subha Muhurtham
09-03-2025,Subha Muhurtham
10-03-2025,Subha Muhurtham
12-03-2025,Subha Muhurtham
16-03-2025,Muhurtham
17-03-2025,Muhurtham
04-04-2025,Subha Muhurtham
07-04-2025,Subha Muhurtham
09-04-2025,Subha Muhurtham
11-04-2025,Subha Muhurtham
16-04-2025,Muhurtham
18-04-2025,Muhurtham
23-04-2025,Muhurtham
25-04-2025,Muhurtham
30-04-2025,Subha Muhurtham
04-05-2025,Subha Muhurtham
09-05-2025,Subha Muhurtham
11-05-2025,Subha Muhurtham
14-05-2025,Muhurtham
16-05-2025,Muhurtham
18-05-2025,Muhurtham
19-05-2025,Muhurtham
23-05-2025,Muhurtham
28-05-2025,Subha Muhurtham
05-06-2025,Subha Muhurtham
06-06-2025,Subha Muhurtham
08-06-2025,Subha Muhurtham
16-06-2025,Muhurtham
27-06-2025,Subha Muhurtham
02-07-2025,Subha Muhurtham
07-07-2025,Subha Muhurtham
13-07-2025,Muhurtham
14-07-2025,Muhurtham
16-07-2025,Muhurtham
20-08-2025,Muhurtham
21-08-2025,Muhurtham
27-08-2025,Subha Muhurtham
28-08-2025,Subha Muhurtham
29-08-2025,Muhurtham
04-09-2025,Subha Muhurtham
14-09-2025,Muhurtham
19-10-2025,Muhurtham
20-10-2025,Muhurtham
24-10-2025,Subha Muhurtham
27-10-2025,Subha Muhurtham
31-10-2025,Subha Muhurtham
03-11-2025,Subha Muhurtham
10-11-2025,Muhurtham
16-11-2025,Muhurtham
23-11-2025,Subha Muhurtham
27-11-2025,Subha Muhurtham
30-11-2025,Subha Muhurtham
01-12-2025,Subha Muhurtham
08-12-2025,Muhurtham
10-12-2025,Muhurtham
14-12-2025,Muhurtham
15-12-2025,Muhurtham
